Workbook

Sheet results
A1: Pipeline number | B1: responsible | C1: Infratructure | D1: Pipeline name (add description in Pipeline Description tab) - please update. OK if long. we will put in paper | F1: version | G1: run | H1: queue/flexible or local/fixed | I1: walltime runtime | J1: Total node hours | K1: CPU time (s) | L1: gpu time | M1: CPU allocated | N1: MEM allocated | O1: Structural requirements
A2: 1 | B2: CB | C2: NGC | D2: GM Snakemake - Alignment with Sentieon BWA-MEM + VariantCalling with GATK (java) | F2: 5.7 | G2: done | H2: queue/flexible | I2: see next sheet | K2: see next sheet | L2: 0 | M2: variable | O2: HPC cluster with queing system
A3: 2 | B3: CB | C3: NGC | D3: GM Snakemake - Alignment with Sentieon BWA-MEM + VariantCalling with GATK (java) | F3: 5.7 | G3: done | H3: local/fixed | I3: see next sheet | K3: see next sheet | L3: 0 | O3: Large computer with multiple CPUs
A4: 3 | B4: CB | C4: NGC | D4: GM Snakemake - Alignment with Sentieon BWA-MEM + VariantCalling with Sentieon-GATK | F4: 5.7 | G4: done | H4: queue/flexible | I4: =runtime!D11 -> 99898 | K4: see next sheet | L4: 0 | O4: HPC cluster with queing system and Senteion license
A5: 4 | B5: CB | C5: NGC | D5: GM Snakemake - Alignment with Sentieon BWA-MEM + VariantCalling with Sentieon-GATK | F5: 5.7 | G5: done | H5: local/fixed | I5: =runtime!E11 -> 86271 | K5: see next sheet | L5: 0 | O5: Large computer with multiple CPUs large memory and Senteion license
A6: 5 | B6: MT | C6: GEFION | D6: pb_direct | E6: Parabricks Germline Tools Running On Gefion Infratsructure. Configuration: Downloaded the container from NVIDIAs website through the available Proxy on Gefion. Infrastructure: H100 GPU Cluster on Gefion Resource Files used: None Tools & Setup: fq2bam - Full NVIDIA H100 node allocated, simple out of the box implementation with no performance optimisation or intervals. No resources was used and no recalibration. HaplotypeCaller - 2 GPU on a H100 node allocated, simple out of the box implementation with no performance optimisation or intervals. No recalibration file. DeepVariant - 6 GPU on a H100 node allocated, simple out of the box implementation with no performance optimisation or intervals. | F6: 4.6.0-1 | G6: done | H6: queue/fixed | I6: 1576 | J6: 2.92 | K6: N/A, but can be calculated as 112*node hour = 327 | L6: N/A, but can be calculated as 8*node hour = 23,4 | M6: 112 | N6: 2000 | O6: Nvidia GPU
A7: 6 | B7: MT | C7: GEFION | D7: pb_direct2 | E7: Parabricks Germline Tools Running On Gefion Infratsructure. Configuration: Same as the pb_direct pipeline. Infrastructure: H100 GPU Cluster on Gefion Resource files used: Mills, indels, dbsnps and snps Tools & Setup: fq2bam - Full NVIDIA H100 node allocated, simple out of the box implementation with no performance optimisation or intervals. Resources was added with the --KnownSites option, and a recalibration file was created. HaplotypeCaller - 2 GPU on a H100 node allocated, simple out of the box implementation with no performance optimisation or intervals. The recalibration file was added as input. DeepVariant - 6 GPU on a H100 node allocated, simple out of the box implementation with no performance optimisation or intervals. | F7: 4.6.0-1 | G7: done | H7: queue/fixed | I7: 1443 | J7: 2.69 | K7: N/A, but can be calculated as 112*node hour = 300 | L7: N/A, but can be calculated as 8*node hour = 21,4 | M7: 112 | N7: 2000 | O7: Nvidia GPU
A8: 7 | B8: MT | C8: GEFION | D8: sarek_bwa_gpucluster | E8: Nextflow NFCORE Sarek WGS Germline Pipeline Running On H100 Gefion Infratsructure. Infrastructure: H100 GPU Cluster on Gefion Resource files used: None Aligner: bwa-mem2 Tools: GATK HaplotypeCaller, DeepVariant, CNVkit, Strelka2 Configuration: Sarek requires a lot of configuration to work in offline mode. The pipeline source code, all plugins, and containers were downloaded and transferred to Gefion. multiple configuration files were created, to override all container calls, set resource limits, enable Apptainer for container execution (direct pyxis implementation not available in Nextflow), setup process instructions for cluster options, and fix containers and resource allocations for a few of the tasks. Setup: Sarek was run out of the box without performance optimisation or intervals, and with no resource files and no baserecalibration. | F8: 3.7.0 | G8: done | H8: queue/flexible | I8: 6h 30m 9s | J8: 22.39 | K8: 2278.3 | L8: 0 I guess, but the full node is still allocated, so the 8 GPU are just wasted in this case for the full node hour duration | M8: 112 | N8: 2000
B9: MT | C9: GEFION | D9: sarek_bwa_gpucluster2 (with resources and baserecalibration) | E9: Nextflow NFCORE Sarek WGS Germline Pipeline Running On H100 Gefion Infratsructure. Infrastructure: H100 GPU Cluster on Gefion Resource files used: Mills, indels, dbsnps and snps Aligner: bwa-mem2 Tools: GATK HaplotypeCaller, DeepVariant, CNVkit, Strelka2 Configuration: Same as the sarek_bwa_gpucluster pipeline Setup: Sarek was run out of the box without performance optimisation or intervals. Resources was added with the corresponding options, and baserecalibration was enabled. | F9: 3.7.0 | G9: done | H9: queue/flexible | I9: 7h 8m 29s | J9: 19.72 | K9: 2362.7 | L9: 0 I guess, but the full node is still allocated, so the 8 GPU are just wasted in this case for the full node hour duration | M9: 112 | N9: 2000
B10: MT | C10: GEFION | D10: sarek_bwa_gpucluster3 (bwa-mem aligner) | E10: Nextflow NFCORE Sarek WGS Germline Pipeline Running On H100 Gefion Infratsructure. Infrastructure: H100 GPU Cluster on Gefion Resource files used: Mills, indels, dbsnps and snps Aligner: bwa-mem Tools: GATK HaplotypeCaller, DeepVariant, CNVkit, Strelka2 Configuration: Same as the sarek_bwa_gpucluster pipeline Setup: Sarek was run out of the box without performance optimisation or intervals. Resources was added with the corresponding options, and baserecalibration was enabled. | F10: 3.7.0 | G10: done | H10: queue/flexible | I10: 7h 25m 24s | J10: 22.78 | K10: 2847.1 | L10: 0 I guess, but the full node is still allocated, so the 8 GPU are just wasted in this case for the full node hour duration | M10: 112 | N10: 2000
B11: MT | C11: GEFION | D11: sarek_bwa_gpucluster4 (With Nicos suggested Sarek tweaks) | E11: Nextflow NFCORE Sarek WGS Germline Pipeline Running On H100 Gefion Infratsructure. Infrastructure: H100 GPU Cluster on Gefion Resource files used: Mills, indels, dbsnps and snps Aligner: bwa-mem2 Tools: GATK HaplotypeCaller, DeepVariant, CNVkit, Strelka2 Configuration: Same as the sarek_bwa_gpucluster pipeline Setup: Sarek was run with some additional suggested optimisation/configuration, but no intervals. Resources was added with the corresponding options, and baserecalibration was disabled. | F11: 3.7.0 | G11: done | H11: queue/flexible | I11: 6h 37m 34s | J11: 20.47 | K11: 2263.8 | L11: 0 I guess, but the full node is still allocated, so the 8 GPU are just wasted in this case for the full node hour duration | M11: 112 | N11: 2000
B12: MT | C12: GEFION | D12: sarek_bwa_cpucluster | E12: Nextflow NFCORE Sarek WGS Germline Pipeline Running On CPU cluster on Gefion Infrastructure. Infrastructure: CPU Cluster on Gefion Resource files used: None Aligner: bwa-mem2 Tools: GATK HaplotypeCaller, DeepVariant, CNVkit, Strelka2 Configuration: Same as the sarek_bwa_gpucluster pipeline, but with a separate config file configured for the cpu-cluster. Setup: Sarek was run out of the box without performance optimisation or intervals, and with no resource files and no baserecalibration. | F12: 3.7.0 | G12: done | H12: queue/flexible | I12: 5h 18m 44s | J12: 22.21 | K12: 1348 | L12: 0 | M12: 96 | N12: 768
B13: MT | C13: GEFION | D13: sarek_bwa_cpucluster2 | E13: Nextflow NFCORE Sarek WGS Germline Pipeline Running on CPU cluster on Gefion Infrastructure. Infrastructure: CPU Cluster on Gefion Resource files used: Mills, indels, dbsnps and snps Aligner: bwa-mem2 Tools: GATK HaplotypeCaller, DeepVariant, CNVkit, Strelka2 Configuration: Same as the sarek_bwa_cpucluster pipeline Setup: Sarek was run out of the box without performance optimisation or intervals. Resources was added with the corresponding options, and baserecalibration was enabled. | F13: 3.7.0 | G13: done | H13: queue/flexible | I13: 6h 7m 1s | J13: 22.48 | K13: 1451.1 | L13: 0 | M13: 96 | N13: 768
B14: MT | C14: GEFION | D14: sarek_pbfq2bam | E14: Nextflow NFCORE Sarek WGS Germline Pipeline Running On H100 Gefion Infratsructure. Infrastructure: H100 GPU Cluster on Gefion Resource files used: Mills, indels, dbsnps and snps Aligner: Parabricks fq2bam Tools: GATK HaplotypeCaller, DeepVariant, CNVkit, Strelka2 Configuration: Same as the sarek_bwa_gpucluster pipeline Setup: Sarek was run out of the box without performance optimisation or intervals. Resources was added with the corresponding options, and baserecalibration was enabled. | F14: 3.7.0 | G14: done | H14: queue/flexible | I14: 4h 35m 13s | J14: 18.39 | K14: 2179.4 | L14: NA, but can be calculated as 8*node hour = 147,12 | M14: 112 | N14: 2000 | O14: NVIDIA GPU
A15: 8 | B15: NR | C15: NGC | D15: Sarek with BWA-mem On NGC: GATK HaplotypeCaller, DeepVariant, CNVkit, Strelka2, consensus calling (n=3) | F15: 3.7.1 | G15: done
A16: 9 | B16: NR | C16: NGC | D16: Sarek with Sentieon tools On NGC: Sentieon BWA-mem, Sentieon Haplotyper, DeepVariant, CNVkit, Strelka2 (NGC Nico) | F16: 3.7.1 | G16: done
A17: 10 | B17: NR | D17: DeepVariant, CNVkit, Strelka2 (NGC Nico) | G17: done
A18: 11 | B18: LF | D18: Sarek on AWS: alignment, variant caller(s) (Lasse Folkersen)
A19: 12 | B19: NR | D19: Senteion CLI | G19: done
A20: 13 | B20: NR | D20: rare disease | G20: in progress
A21: 14 | B21: ALOS | C21: Illumina ICA/Dragen Box | D21: DRAGEN | F21: 4.3.13 | G21: done | I21: 25600 | O21: either of 1) Physical hardware DRAGEN; 2) access and permissions to use to DRAGEN in the cloud (IVA) 3) Seqeuencing machine with build-in DRAGEN hardware
A22: 15 | I22: =runtime!B25 -> 601.15278
A23: 16 | I23: =runtime!C25 -> 617.82722
A24: 17 | I24: =runtime!B27
A25: 18 | I25: =runtime!C27
A26: 19 | I26: =runtime!B29
A27: 20 | I27: =runtime!C29
A28: 21

Sheet runtime
A1: Total runtime in seconds
B2: Total walltime of the main job | C2: Total walltime of the main job | D2: Total walltime of the main job | E2: Total walltime of the main job | F2: Total walltime of the longest job | G2: Total walltime of the longest job
A3: Sample | B3: 1 | C3: 2 | D3: 3 | E3: 4 | F3: 5 | G3: 6 | H3: 7 | I3: 8 | J3: 9 | K3: 10 | L3: 11 | M3: 12 | N3: 13 | O3: 14 | P3: 15 | Q3: 16 | R3: 17 | S3: 18 | T3: 19 | U3: 20
A4: NA12877 | B4: 15081 | C4: 14900 | D4: 12972 | E4: 11248 | F4: 1400 | G4: 1338
A5: NA12878 | B5: 16234 | C5: 14945 | D5: 13634 | E5: 11116 | F5: 1407 | G5: 1305
A6: NA12879 | B6: 17643 | C6: 16156 | D6: 15413 | E6: 13322 | F6: 1548 | G6: 1400
A7: NA12881 | B7: 18365 | C7: 17179 | D7: 14900 | E7: 12834 | F7: 1558 | G7: 1402
A8: NA12882 | B8: 16329 | C8: 15673 | D8: 14246 | E8: 12658 | F8: 1555 | G8: 1443
A9: NA12885 | B9: 20479 | C9: 17673 | D9: 15026 | E9: 13080 | F9: 1576 | G9: 1424
A10: NA12886 | B10: 18035 | C10: 15219 | D10: 13707 | E10: 12013 | F10: 1454 | G10: 1376
A11: Total | B11: =sum(B4:B10) -> 122166 | C11: =sum(C4:C10) -> 111745 | D11: =sum(D4:D10) -> 99898 | E11: =sum(E4:E10) -> 86271 | F11: =sum(F4:F10) -> 10498 | G11: =sum(G4:G10) -> 9688 | H11: =sum(H4:H10) -> 0 | I11: =sum(I4:I10) -> 0 | ... U11: =sum(U4:U10) -> 0
A12: Total in hours | B12: =B11/3600 -> 33.935 | C12: =C11/3600 -> 31.040278 | D12: =D11/3600 -> 27.749444 | E12: =E11/3600 -> 23.964167 | F12: =F11/3600 -> 2.9161111 | G12: =G11/3600 -> 2.6911111
A14: Total cputime in seconds
B15: Total cputime of all cluster jobs | C15: Total cputime of the main job | D15: Total cputime of all cluster jobs | E15: Total cputime of the main job | F15: Calculated allocation cpu time | G15: Calculated allocation cpu time
A16: Sample | B16: 1 | C16: 2 | D16: 3 | E16: 4 | F16: 5 | G16: 6 | H16: 7 | I16: 8 | J16: 9 | K16: 10 | L16: 11 | M16: 12 | N16: 13 | O16: 14 | P16: 15 | Q16: 16 | R16: 17 | S16: 18 | T16: 19 | U16: 20
A17: NA12877 | B17: 281075 | C17: 305476 | D17: 179035 | E17: 164462 | F17: =F4*112 -> 156800 | G17: =G4*112 -> 149856
A18: NA12878 | B18: 285880 | C18: 301987 | D18: 171494 | E18: 162729 | F18: =F5*112 -> 157584 | G18: =G5*112 -> 146160
A19: NA12879 | B19: 315910 | C19: 319264 | D19: 198628 | E19: 188264 | F19: =F6*112 -> 173376 | G19: =G6*112 -> 156800
A20: NA12881 | B20: 319270 | C20: 339135 | D20: 196930 | E20: 179461 | F20: =F7*112 -> 174496 | G20: =G7*112 -> 157024
A21: NA12882 | B21: 325697 | C21: 331098 | D21: 197103 | E21: 187002 | F21: =F8*112 -> 174160 | G21: =G8*112 -> 161616
A22: NA12885 | B22: 326899 | C22: 314180 | D22: 208579 | E22: 189282 | F22: =F9*112 -> 176512 | G22: =G9*112 -> 159488
A23: NA12886 | B23: 309419 | C23: 313038 | D23: 187236 | E23: 178579 | F23: =F10*112 -> 162848 | G23: =G10*112 -> 154112
A24: Total | B24: =sum(B17:B23) -> 2164150 | C24: =sum(C17:C23) -> 2224178 | D24: =sum(D17:D23) -> 1339005 | E24: =sum(E17:E23) -> 1249779 | F24: =sum(F17:F23) -> 1175776 | G24: =sum(G17:G23) -> 1085056 | H24: =sum(H17:H23) -> 0 | I24: =sum(I17:I23) -> 0 | ... U24: =sum(U17:U23) -> 0
A25: Total in hours | B25: =B24/3600 -> 601.15278 | C25: =C24/3600 -> 617.82722 | D25: =D24/3600 -> 371.94583 | E25: =E24/3600 -> 347.16083 | F25: =F24/3600 -> 326.60444 | G25: =G24/3600 -> 301.40444

Sheet description of systems
A2: system name | B2: cpu/node | C2: gpu/node | D2: mem/node | E2: storage system | F2: data link
A3: Gefion H100 GPU Cluster | B3: 112 | C3: 8 | D3: 2.0Ti
A4: Gefion CPU Cluster | B4: 96 | C4: 0 | D4: 708Gi
A5: NGC CPU
A6: AWS

Sheet Pipeline Description
A1: Pipeline name | B1: Pipeline description
A2: GM Snakemake - Alignment with Sentieon BWA-MEM + VariantCalling with GATK (java) | B2: Snakemake pipeline with the following steps: 1.- adapter trimming with bbduk (BBMap version 38.26) 2.- aligment with sentieon bwa-mem (sentieon version 202308.03) 2.1.- substep alignment + sorting: sentieon bwa mem + sention util sort 2.2.- substep mark duplicates: sentieon driver --algo LocusCollector + sentieon driver --algo Dedup 2.3.- substep conversion bam to cram: samtools version 1.10 3.- variant calling with haplotype caller (GATK 4.2.6.1 + Java 1.8.0): 3.1.- substep HaplotypeCaller (50 bins) 3.2.- substep scatter gather to generate a single gVCF (gatk GatherVcfs) 3.3.- substep GenotypeGVCFs to generate final VCF The pipeline can be executed in multi-jobs mode (submission of paralell cluster jobs) or single-job mode (whole pipeline running in a single computing node)
A3: GM Snakemake - Alignment with Sentieon BWA-MEM + VariantCalling with Sentieon-GATK | B3: Snakemake pipeline with the following steps: 1.- adapter trimming with bbduk (BBMap version 38.26) 2.- aligment with sentieon bwa-mem (sentieon version 202308.03) 2.1.- substep alignment + sorting: sentieon bwa mem + sention util sort 2.2.- substep mark duplicates: sentieon driver --algo LocusCollector + sentieon driver --algo Dedup 2.3.- substep conversion bam to cram: samtools version 1.10 3.- variant calling with sentieon GATK implementation (sentieon version 202308.03): 3.1.- substep sentieon driver --algo Haplotype (50 bins) 3.2.- substep scatter gather to generate a single gVCF (gatk GatherVcfs) 3.3.- substep sentieon driver --algo GVCFtyper to generate final VCF The pipeline can be executed in multi-jobs mode (submission of paralell cluster jobs) or single-job mode (whole pipeline running in a single computing node)
